{
  "regime-meanrev": 0.30000000000000004,
  "meanrev": 0.30000000000000004,
  "spy-vol": 0.09999999999999992,
  "qqq-vol": 0.30000000000000004
}
