{
  "lightforest": 0.18785086515275423,
  "spy-vol": 0.2797296489185071,
  "gradboost": 0.18785086515275423,
  "qqq-vol": 0.1567177556232302,
  "ml-ensemble": 0.18785086515275423
}
