{
  "meta-ensemble": 0.11111111111111108,
  "codex-native": 0.11111111111111108,
  "qqq-vol": 0.11111111111111108,
  "codex-r1000": 0.11111111111111108,
  "regime-momo": 0.11111111111111108,
  "spy-vol": 0.11111111111111108,
  "meanrev": 0.11111111111111108,
  "momo": 0.11111111111111108,
  "regime-meanrev": 0.11111111111111108
}
