{
  "ml-ensemble": 0.18785086515275426,
  "spy-vol": 0.27972964891850705,
  "qqq-vol": 0.1567177556232302,
  "gradboost": 0.18785086515275426,
  "lightforest": 0.18785086515275426
}
