{
  "gradboost": 0.1878508651527543,
  "qqq-vol": 0.15671775562323023,
  "spy-vol": 0.27972964891850716,
  "lightforest": 0.1878508651527543,
  "ml-ensemble": 0.1878508651527543
}
