{
  "spy-vol": 0.27972964891850716,
  "qqq-vol": 0.15671775562323023,
  "gradboost": 0.18785086515275426,
  "ml-ensemble": 0.18785086515275426,
  "lightforest": 0.18785086515275426
}
