{
  "lightforest": 0.18785086515275426,
  "gradboost": 0.18785086515275426,
  "spy-vol": 0.27972964891850705,
  "qqq-vol": 0.15671775562323018,
  "ml-ensemble": 0.18785086515275426
}
