{
  "ml-ensemble": 0.18785086515275426,
  "qqq-vol": 0.15671775562323018,
  "lightforest": 0.18785086515275426,
  "spy-vol": 0.2797296489185071,
  "gradboost": 0.18785086515275426
}
