{
  "lightforest": 0.1878508651527542,
  "spy-vol": 0.27972964891850705,
  "gradboost": 0.1878508651527542,
  "qqq-vol": 0.15671775562323018,
  "ml-ensemble": 0.1878508651527542
}
