{
  "gradboost": 0.18785086515275423,
  "lightforest": 0.18785086515275423,
  "spy-vol": 0.27972964891850705,
  "ml-ensemble": 0.18785086515275423,
  "qqq-vol": 0.1567177556232302
}
