{
  "gradboost": 0.18785086515275423,
  "qqq-vol": 0.15671775562323018,
  "ml-ensemble": 0.18785086515275423,
  "lightforest": 0.18785086515275423,
  "spy-vol": 0.2797296489185071
}
